{
  "age_difference": {
    "1-1": 0.8333333333333334,
    "1-2": 0.9047619047619048,
    "1-3": 0.7380952380952381,
    "1-4": 0.8571428571428572,
    "1-5": 0.3571428571428571,
    "1-6": 0.9523809523809523,
    "1-7": 0.8333333333333334,
    "1-8": 0.9047619047619048,
    "1-9": 0.8095238095238095,
    "1-10": 0.8571428571428572,
    "2-1": 0.7619047619047619,
    "2-2": 0.8333333333333334,
    "2-3": 0.6666666666666667,
    "2-4": 0.7857142857142857,
    "2-5": 0.4285714285714286,
    "2-6": 0.8809523809523809,
    "2-7": 0.7619047619047619,
    "2-8": 0.8333333333333334,
    "2-9": 0.7380952380952381,
    "2-10": 0.7857142857142857,
    "3-1": 0.9761904761904762,
    "3-2": 0.9523809523809523,
    "3-3": 0.8809523809523809,
    "3-4": 1.0,
    "3-5": 0.2142857142857143,
    "3-6": 0.9047619047619048,
    "3-7": 0.9761904761904762,
    "3-8": 0.9523809523809523,
    "3-9": 0.9523809523809523,
    "3-10": 1.0,
    "4-1": 0.6904761904761905,
    "4-2": 0.7619047619047619,
    "4-3": 0.5952380952380952,
    "4-4": 0.7142857142857143,
    "4-5": 0.5,
    "4-6": 0.8095238095238095,
    "4-7": 0.6904761904761905,
    "4-8": 0.7619047619047619,
    "4-9": 0.6666666666666667,
    "4-10": 0.7142857142857143,
    "5-1": 1.0,
    "5-2": 0.9285714285714286,
    "5-3": 0.9047619047619048,
    "5-4": 0.9761904761904762,
    "5-5": 0.19047619047619047,
    "5-6": 0.8809523809523809,
    "5-7": 1.0,
    "5-8": 0.9285714285714286,
    "5-9": 0.9761904761904762,
    "5-10": 0.9761904761904762,
    "6-1": 0.7619047619047619,
    "6-2": 0.8333333333333334,
    "6-3": 0.6666666666666667,
    "6-4": 0.7857142857142857,
    "6-5": 0.4285714285714286,
    "6-6": 0.8809523809523809,
    "6-7": 0.7619047619047619,
    "6-8": 0.8333333333333334,
    "6-9": 0.7380952380952381,
    "6-10": 0.7857142857142857,
    "7-1": 0.7857142857142857,
    "7-2": 0.8571428571428572,
    "7-3": 0.6904761904761905,
    "7-4": 0.8095238095238095,
    "7-5": 0.40476190476190477,
    "7-6": 0.9047619047619048,
    "7-7": 0.7857142857142857,
    "7-8": 0.8571428571428572,
    "7-9": 0.7619047619047619,
    "7-10": 0.8095238095238095,
    "8-1": 0.8095238095238095,
    "8-2": 0.7380952380952381,
    "8-3": 0.9047619047619048,
    "8-4": 0.7857142857142857,
    "8-5": 0.0,
    "8-6": 0.6904761904761905,
    "8-7": 0.8095238095238095,
    "8-8": 0.7380952380952381,
    "8-9": 0.8333333333333334,
    "8-10": 0.7857142857142857,
    "9-1": 0.8333333333333334,
    "9-2": 0.7619047619047619,
    "9-3": 0.9285714285714286,
    "9-4": 0.8095238095238095,
    "9-5": 0.023809523809523836,
    "9-6": 0.7142857142857143,
    "9-7": 0.8333333333333334,
    "9-8": 0.7619047619047619,
    "9-9": 0.8571428571428572,
    "9-10": 0.8095238095238095,
    "10-1": 0.9285714285714286,
    "10-2": 1.0,
    "10-3": 0.8333333333333334,
    "10-4": 0.9523809523809523,
    "10-5": 0.26190476190476186,
    "10-6": 0.9523809523809523,
    "10-7": 0.9285714285714286,
    "10-8": 1.0,
    "10-9": 0.9047619047619048,
    "10-10": 0.9523809523809523
  }
}