{
  "geographic_proximity": {
    "1-1": 0.9196605440111509,
    "1-2": 0.8394124305098212,
    "1-3": 0.9196605440111509,
    "1-4": 0.49721096603944837,
    "1-5": 0.9196605440111509,
    "1-6": 0.9196605440111509,
    "1-7": 0.9196605440111509,
    "1-8": 0.0,
    "1-9": 0.9196605440111509,
    "1-10": 0.9196605440111509,
    "2-1": 0.7437839974463112,
    "2-2": 0.7545214531322022,
    "2-3": 0.7437839974463112,
    "2-4": 0.8077920017787406,
    "2-5": 0.7437839974463112,
    "2-6": 0.7437839974463112,
    "2-7": 0.7437839974463112,
    "2-8": 0.01264524593233396,
    "2-9": 0.7437839974463112,
    "2-10": 0.7437839974463112,
    "3-1": 1.0,
    "3-2": 0.9192308117389074,
    "3-3": 1.0,
    "3-4": 0.5648681190013829,
    "3-5": 1.0,
    "3-6": 1.0,
    "3-7": 1.0,
    "3-8": 0.06765715296193475,
    "3-9": 1.0,
    "3-10": 1.0,
    "4-1": 0.8377861441572989,
    "4-2": 0.7575380306559691,
    "4-3": 0.8377861441572989,
    "4-4": 0.41533656618559633,
    "4-5": 0.8377861441572989,
    "4-6": 0.8377861441572989,
    "4-7": 0.8377861441572989,
    "4-8": 0.1840512116044618,
    "4-9": 0.8377861441572989,
    "4-10": 0.8377861441572989,
    "5-1": 0.6028074324829489,
    "5-2": 0.5234207338995052,
    "5-3": 0.6028074324829489,
    "5-4": 0.9529940507110086,
    "5-5": 0.6028074324829489,
    "5-6": 0.6028074324829489,
    "5-7": 0.6028074324829489,
    "5-8": 0.03097940600728033,
    "5-9": 0.6028074324829489,
    "5-10": 0.6028074324829489,
    "6-1": 0.9196605440111509,
    "6-2": 0.8394124305098212,
    "6-3": 0.9196605440111509,
    "6-4": 0.49721096603944837,
    "6-5": 0.9196605440111509,
    "6-6": 0.9196605440111509,
    "6-7": 0.9196605440111509,
    "6-8": 0.0,
    "6-9": 0.9196605440111509,
    "6-10": 0.9196605440111509,
    "7-1": 0.6990850148260885,
    "7-2": 0.6196979911804116,
    "7-3": 0.6990850148260885,
    "7-4": 0.6249711507268068,
    "7-5": 0.6990850148260885,
    "7-6": 0.6990850148260885,
    "7-7": 0.6990850148260885,
    "7-8": 0.31421750694170403,
    "7-9": 0.6990850148260885,
    "7-10": 0.6990850148260885,
    "8-1": 0.9149536428749284,
    "8-2": 0.8347055293735985,
    "8-3": 0.9149536428749284,
    "8-4": 0.5011711992260919,
    "8-5": 0.9149536428749284,
    "8-6": 0.9149536428749284,
    "8-7": 0.9149536428749284,
    "8-8": 0.003960233186643736,
    "8-9": 0.9149536428749284,
    "8-10": 0.9149536428749284,
    "9-1": 0.9271850845844437,
    "9-2": 0.8763408004462454,
    "9-3": 0.9271850845844437,
    "9-4": 0.5312826890708227,
    "9-5": 0.9271850845844437,
    "9-6": 0.9271850845844437,
    "9-7": 0.9271850845844437,
    "9-8": 0.028155265325546686,
    "9-9": 0.9271850845844437,
    "9-10": 0.9271850845844437,
    "10-1": 1.0,
    "10-2": 0.9192308117389074,
    "10-3": 1.0,
    "10-4": 0.5648681190013829,
    "10-5": 1.0,
    "10-6": 1.0,
    "10-7": 1.0,
    "10-8": 0.06765715296193475,
    "10-9": 1.0,
    "10-10": 1.0
  }
}