{
  "8.541042,47.374449|8.729150,47.499172": 24.7151,
  "8.670136,47.227899|8.729150,47.499172": 49.4021,
  "7.563194,46.873978|8.729150,47.499172": 154.6747,
  "7.188416,48.716078|8.729150,47.499172": 307.63340000000005,
  "8.014270,47.000160|8.541042,47.374449": 78.8206,
  "8.014270,47.000160|8.670136,47.227899": 75.5174,
  "7.563194,46.873978|8.014270,47.000160": 59.129599999999996,
  "7.188416,48.716078|8.014270,47.000160": 303.7433,
  "8.541042,47.374449|8.541042,47.374449": 0.0,
  "8.541042,47.374449|8.670136,47.227899": 24.8473,
  "7.563194,46.873978|8.541042,47.374449": 133.8611,
  "7.188416,48.716078|8.541042,47.374449": 286.8198,
  "8.541042,47.374449|8.634513,47.696049": 49.9024,
  "8.634513,47.696049|8.670136,47.227899": 74.5894,
  "7.563194,46.873978|8.634513,47.696049": 179.862,
  "7.188416,48.716078|8.634513,47.696049": 251.0131,
  "7.452175,46.948474|8.541042,47.374449": 122.1897,
  "7.452175,46.948474|8.670136,47.227899": 146.6117,
  "7.452175,46.948474|7.563194,46.873978": 14.460600000000001,
  "7.188416,48.716078|7.452175,46.948474": 298.1031,
  "7.544138,47.481616|8.541042,47.374449": 92.5715,
  "7.544138,47.481616|8.670136,47.227899": 116.9936,
  "7.544138,47.481616|7.563194,46.873978": 115.3714,
  "7.188416,48.716078|7.544138,47.481616": 210.9696,
  "8.523983,47.573321|8.541042,47.374449": 26.1631,
  "8.523983,47.573321|8.670136,47.227899": 50.8501,
  "7.563194,46.873978|8.523983,47.573321": 153.4564,
  "7.188416,48.716078|8.523983,47.573321": 306.4151,
  "8.463670,47.243488|8.541042,47.374449": 22.400299999999998,
  "8.463670,47.243488|8.670136,47.227899": 38.0417,
  "7.563194,46.873978|8.463670,47.243488": 144.19310000000002,
  "7.188416,48.716078|8.463670,47.243488": 298.9719
}