{
  "Winterthur": [
    8.7291498,
    47.4991723
  ],
  "D\u00fcbndorf": [
    8.01427,
    47.00016
  ],
  "Z\u00fcrich": [
    8.5410422,
    47.3744489
  ],
  "Schaffhausen": [
    8.634513,
    47.6960491
  ],
  "Bern": [
    7.4521749,
    46.9484742
  ],
  "Ettingen 4107": [
    7.5441378,
    47.4816164
  ],
  "Eglisau": [
    8.5239827,
    47.5733207
  ],
  "Mettmenstetten": [
    8.4636702,
    47.243488
  ],
  "W\u00e4denswil": [
    8.6701365,
    47.2278988
  ],
  "M\u00fcnsingen": [
    7.5631943,
    46.8739775
  ],
  "Saint-Louis (France)": [
    7.1884164,
    48.7160783
  ]
}